column_01,column_02,column_03,column_04,column_05,column_06,column_07,column_08,column_09,column_10,column_11,column_12,column_13,column_14,column_15,column_16,column_17,column_18,column_19,column_20,column_21,column_22,column_23,column_24,column_25,column_26,column_27,column_28
column_01_row1_val0,column_02_row1_val1,column_03_row1_val2,column_04_row1_val3,column_05_row1_val4,column_06_row1_val5,column_07_row1_val6,column_08_row1_val7,column_09_row1_val8,column_10_row1_val9,column_11_row1_val10,column_12_row1_val11,column_13_row1_val12,column_14_row1_val13,column_15_row1_val14,column_16_row1_val15,column_17_row1_val16,column_18_row1_val17,column_19_row1_val18,column_20_row1_val19,column_21_row1_val20,column_22_row1_val21,column_23_row1_val22,column_24_row1_val23,column_25_row1_val24,column_26_row1_val25,column_27_row1_val26,column_28_row1_val27
column_01_row2_val0,column_02_row2_val1,column_03_row2_val2,column_04_row2_val3,column_05_row2_val4,column_06_row2_val5,column_07_row2_val6,column_08_row2_val7,column_09_row2_val8,column_10_row2_val9,column_11_row2_val10,column_12_row2_val11,column_13_row2_val12,column_14_row2_val13,column_15_row2_val14,column_16_row2_val15,column_17_row2_val16,column_18_row2_val17,column_19_row2_val18,column_20_row2_val19,column_21_row2_val20,column_22_row2_val21,column_23_row2_val22,column_24_row2_val23,column_25_row2_val24,column_26_row2_val25,column_27_row2_val26,column_28_row2_val27
column_01_row3_val0,column_02_row3_val1,column_03_row3_val2,column_04_row3_val3,column_05_row3_val4,column_06_row3_val5,column_07_row3_val6,column_08_row3_val7,column_09_row3_val8,column_10_row3_val9,column_11_row3_val10,column_12_row3_val11,column_13_row3_val12,column_14_row3_val13,column_15_row3_val14,column_16_row3_val15,column_17_row3_val16,column_18_row3_val17,column_19_row3_val18,column_20_row3_val19,column_21_row3_val20,column_22_row3_val21,column_23_row3_val22,column_24_row3_val23,column_25_row3_val24,column_26_row3_val25,column_27_row3_val26,column_28_row3_val27
column_01_row4_val0,column_02_row4_val1,column_03_row4_val2,column_04_row4_val3,column_05_row4_val4,column_06_row4_val5,column_07_row4_val6,column_08_row4_val7,column_09_row4_val8,column_10_row4_val9,column_11_row4_val10,column_12_row4_val11,column_13_row4_val12,column_14_row4_val13,column_15_row4_val14,column_16_row4_val15,column_17_row4_val16,column_18_row4_val17,column_19_row4_val18,column_20_row4_val19,column_21_row4_val20,column_22_row4_val21,column_23_row4_val22,column_24_row4_val23,column_25_row4_val24,column_26_row4_val25,column_27_row4_val26,column_28_row4_val27
column_01_row5_val0,column_02_row5_val1,column_03_row5_val2,column_04_row5_val3,column_05_row5_val4,column_06_row5_val5,column_07_row5_val6,column_08_row5_val7,column_09_row5_val8,column_10_row5_val9,column_11_row5_val10,column_12_row5_val11,column_13_row5_val12,column_14_row5_val13,column_15_row5_val14,column_16_row5_val15,column_17_row5_val16,column_18_row5_val17,column_19_row5_val18,column_20_row5_val19,column_21_row5_val20,column_22_row5_val21,column_23_row5_val22,column_24_row5_val23,column_25_row5_val24,column_26_row5_val25,column_27_row5_val26,column_28_row5_val27
column_01_row6_val0,column_02_row6_val1,column_03_row6_val2,column_04_row6_val3,column_05_row6_val4,column_06_row6_val5,column_07_row6_val6,column_08_row6_val7,column_09_row6_val8,column_10_row6_val9,column_11_row6_val10,column_12_row6_val11,column_13_row6_val12,column_14_row6_val13,column_15_row6_val14,column_16_row6_val15,column_17_row6_val16,column_18_row6_val17,column_19_row6_val18,column_20_row6_val19,column_21_row6_val20,column_22_row6_val21,column_23_row6_val22,column_24_row6_val23,column_25_row6_val24,column_26_row6_val25,column_27_row6_val26,column_28_row6_val27
column_01_row7_val0,column_02_row7_val1,column_03_row7_val2,column_04_row7_val3,column_05_row7_val4,column_06_row7_val5,column_07_row7_val6,column_08_row7_val7,column_09_row7_val8,column_10_row7_val9,column_11_row7_val10,column_12_row7_val11,column_13_row7_val12,column_14_row7_val13,column_15_row7_val14,column_16_row7_val15,column_17_row7_val16,column_18_row7_val17,column_19_row7_val18,column_20_row7_val19,column_21_row7_val20,column_22_row7_val21,column_23_row7_val22,column_24_row7_val23,column_25_row7_val24,column_26_row7_val25,column_27_row7_val26,column_28_row7_val27
column_01_row8_val0,column_02_row8_val1,column_03_row8_val2,column_04_row8_val3,column_05_row8_val4,column_06_row8_val5,column_07_row8_val6,column_08_row8_val7,column_09_row8_val8,column_10_row8_val9,column_11_row8_val10,column_12_row8_val11,column_13_row8_val12,column_14_row8_val13,column_15_row8_val14,column_16_row8_val15,column_17_row8_val16,column_18_row8_val17,column_19_row8_val18,column_20_row8_val19,column_21_row8_val20,column_22_row8_val21,column_23_row8_val22,column_24_row8_val23,column_25_row8_val24,column_26_row8_val25,column_27_row8_val26,column_28_row8_val27
column_01_row9_val0,column_02_row9_val1,column_03_row9_val2,column_04_row9_val3,column_05_row9_val4,column_06_row9_val5,column_07_row9_val6,column_08_row9_val7,column_09_row9_val8,column_10_row9_val9,column_11_row9_val10,column_12_row9_val11,column_13_row9_val12,column_14_row9_val13,column_15_row9_val14,column_16_row9_val15,column_17_row9_val16,column_18_row9_val17,column_19_row9_val18,column_20_row9_val19,column_21_row9_val20,column_22_row9_val21,column_23_row9_val22,column_24_row9_val23,column_25_row9_val24,column_26_row9_val25,column_27_row9_val26,column_28_row9_val27
column_01_row10_val0,column_02_row10_val1,column_03_row10_val2,column_04_row10_val3,column_05_row10_val4,column_06_row10_val5,column_07_row10_val6,column_08_row10_val7,column_09_row10_val8,column_10_row10_val9,column_11_row10_val10,column_12_row10_val11,column_13_row10_val12,column_14_row10_val13,column_15_row10_val14,column_16_row10_val15,column_17_row10_val16,column_18_row10_val17,column_19_row10_val18,column_20_row10_val19,column_21_row10_val20,column_22_row10_val21,column_23_row10_val22,column_24_row10_val23,column_25_row10_val24,column_26_row10_val25,column_27_row10_val26,column_28_row10_val27
column_01_row11_val0,column_02_row11_val1,column_03_row11_val2,column_04_row11_val3,column_05_row11_val4,column_06_row11_val5,column_07_row11_val6,column_08_row11_val7,column_09_row11_val8,column_10_row11_val9,column_11_row11_val10,column_12_row11_val11,column_13_row11_val12,column_14_row11_val13,column_15_row11_val14,column_16_row11_val15,column_17_row11_val16,column_18_row11_val17,column_19_row11_val18,column_20_row11_val19,column_21_row11_val20,column_22_row11_val21,column_23_row11_val22,column_24_row11_val23,column_25_row11_val24,column_26_row11_val25,column_27_row11_val26,column_28_row11_val27
column_01_row12_val0,column_02_row12_val1,column_03_row12_val2,column_04_row12_val3,column_05_row12_val4,column_06_row12_val5,column_07_row12_val6,column_08_row12_val7,column_09_row12_val8,column_10_row12_val9,column_11_row12_val10,column_12_row12_val11,column_13_row12_val12,column_14_row12_val13,column_15_row12_val14,column_16_row12_val15,column_17_row12_val16,column_18_row12_val17,column_19_row12_val18,column_20_row12_val19,column_21_row12_val20,column_22_row12_val21,column_23_row12_val22,column_24_row12_val23,column_25_row12_val24,column_26_row12_val25,column_27_row12_val26,column_28_row12_val27
column_01_row13_val0,column_02_row13_val1,column_03_row13_val2,column_04_row13_val3,column_05_row13_val4,column_06_row13_val5,column_07_row13_val6,column_08_row13_val7,column_09_row13_val8,column_10_row13_val9,column_11_row13_val10,column_12_row13_val11,column_13_row13_val12,column_14_row13_val13,column_15_row13_val14,column_16_row13_val15,column_17_row13_val16,column_18_row13_val17,column_19_row13_val18,column_20_row13_val19,column_21_row13_val20,column_22_row13_val21,column_23_row13_val22,column_24_row13_val23,column_25_row13_val24,column_26_row13_val25,column_27_row13_val26,column_28_row13_val27
column_01_row14_val0,column_02_row14_val1,column_03_row14_val2,column_04_row14_val3,column_05_row14_val4,column_06_row14_val5,column_07_row14_val6,column_08_row14_val7,column_09_row14_val8,column_10_row14_val9,column_11_row14_val10,column_12_row14_val11,column_13_row14_val12,column_14_row14_val13,column_15_row14_val14,column_16_row14_val15,column_17_row14_val16,column_18_row14_val17,column_19_row14_val18,column_20_row14_val19,column_21_row14_val20,column_22_row14_val21,column_23_row14_val22,column_24_row14_val23,column_25_row14_val24,column_26_row14_val25,column_27_row14_val26,column_28_row14_val27
column_01_row15_val0,column_02_row15_val1,column_03_row15_val2,column_04_row15_val3,column_05_row15_val4,column_06_row15_val5,column_07_row15_val6,column_08_row15_val7,column_09_row15_val8,column_10_row15_val9,column_11_row15_val10,column_12_row15_val11,column_13_row15_val12,column_14_row15_val13,column_15_row15_val14,column_16_row15_val15,column_17_row15_val16,column_18_row15_val17,column_19_row15_val18,column_20_row15_val19,column_21_row15_val20,column_22_row15_val21,column_23_row15_val22,column_24_row15_val23,column_25_row15_val24,column_26_row15_val25,column_27_row15_val26,column_28_row15_val27